{
  "controller_name": "PID Atual",
  "controller_type": "PID",
  "Kc": 0.873015873015873,
  "Ki": 0.03968253968253968,
  "Kd": 1.5873015873015872,
  "Ti": 22.0,
  "Td": 1.8181818181818181,
  "beta": 1.0,
  "derivative_filter_n": 10.0,
  "direct_action": true
}